FIRST_NAME,LAST_NAME,EMAIL,ZIP
Liam, Smith, liam.smith@example.com, 90210
Olivia, Johnson, olivia.johnson@example.com, 10001
Noah, Williams, noah.williams@example.com, 60601
Emma, Brown, emma.brown@example.com, 77001
Oliver, Jones, oliver.jones@example.com, 30303
Charlotte, Garcia, charlotte.garcia@example.com, 94103
Elijah, Miller, elijah.miller@example.com, 85001
Amelia, Davis, amelia.davis@example.com, 20001
James, Rodriguez, james.rodriguez@example.com, 98101
Ava, Martinez, ava.martinez@example.com, 80202
William, Hernandez, william.hernandez@example.com, 33101
Sophia, Lopez, sophia.lopez@example.com, 92101
Benjamin, Gonzalez, benjamin.gonzalez@example.com, 78701
Isabella, Wilson, isabella.wilson@example.com, 48201
Lucas, Anderson, lucas.anderson@example.com, 19103
Mia, Thomas, mia.thomas@example.com, 02108
Henry, Taylor, henry.taylor@example.com, 97204
Evelyn, Moore, evelyn.moore@example.com, 89101
Alexander, Jackson, alexander.jackson@example.com, 28202
Harper, White, harper.white@example.com, 46204
Michael, Harris, michael.harris@example.com, 95113
Abigail, Clark, abigail.clark@example.com, 60201
Daniel, Lewis, daniel.lewis@example.com, 32801
Emily, Robinson, emily.robinson@example.com, 75201
Jacob, Walker, jacob.walker@example.com, 84101
Ella, Perez, ella.perez@example.com, 90012
Logan, Hall, logan.hall@example.com, 10018
Avery, Young, avery.young@example.com, 60606
Jackson, Allen, jackson.allen@example.com, 77002
Sofia, Sanchez, sofia.sanchez@example.com, 30308
Sebastian, Wright, sebastian.wright@example.com, 94105
Camila, King, camila.king@example.com, 85003
Jack, Scott, jack.scott@example.com, 20002
Aria, Green, aria.green@example.com, 98102
Aiden, Baker, aiden.baker@example.com, 80203
Scarlett, Adams, scarlett.adams@example.com, 33109
Owen, Nelson, owen.nelson@example.com, 92103
Grace, Hill, grace.hill@example.com, 78702
Samuel, Ramirez, samuel.ramirez@example.com, 48202
Chloe, Campbell, chloe.campbell@example.com, 19104
Joseph, Mitchell, joseph.mitchell@example.com, 02110
Victoria, Roberts, victoria.roberts@example.com, 97205
Mateo, Carter, mateo.carter@example.com, 89102
Lily, Phillips, lily.phillips@example.com, 28203
David, Evans, david.evans@example.com, 46205
Hannah, Turner, hannah.turner@example.com, 95110
John, Torres, john.torres@example.com, 60202
Zoe, Parker, zoe.parker@example.com, 32802
Luke, Collins, luke.collins@example.com, 75202
Addison, Edwards, addison.edwards@example.com, 84102
Gabriel, Stewart, gabriel.stewart@example.com, 90013
Nora, Flores, nora.flores@example.com, 10019
Anthony, Morris, anthony.morris@example.com, 60607
Layla, Nguyen, layla.nguyen@example.com, 77003
Julian, Murphy, julian.murphy@example.com, 30309
Stella, Rivera, stella.rivera@example.com, 94107
Leo, Cook, leo.cook@example.com, 85004
Aurora, Rogers, aurora.rogers@example.com, 20003
Dylan, Morgan, dylan.morgan@example.com, 98104
Ellie, Bell, ellie.bell@example.com, 80204
Grayson, Reed, grayson.reed@example.com, 33130
Natalie, Bailey, natalie.bailey@example.com, 92104
Ezra, Cooper, ezra.cooper@example.com, 78703
Luna, Richardson, luna.richardson@example.com, 48203
Joshua, Cox, joshua.cox@example.com, 19106
Savannah, Howard, savannah.howard@example.com, 02111
Andrew, Ward, andrew.ward@example.com, 97206
Brooklyn, Peterson, brooklyn.peterson@example.com, 89103
Eli, Gray, eli.gray@example.com, 28204
Penelope, James, penelope.james@example.com, 46206
Nathan, Watson, nathan.watson@example.com, 95116
Victoria, Brooks, victoria.brooks@example.com, 60203
Caleb, Kelly, caleb.kelly@example.com, 32803
Skylar, Sanders, skylar.sanders@example.com, 75204
Christian, Price, christian.price@example.com, 84103
Grace, Bennett, grace.bennett@example.com, 90014
Ryan, Wood, ryan.wood@example.com, 10020
Leah, Barnes, leah.barnes@example.com, 60608
Isaiah, Ross, isaiah.ross@example.com, 77004
Audrey, Henderson, audrey.henderson@example.com, 30310
Charles, Coleman, charles.coleman@example.com, 94109
Claire, Jenkins, claire.jenkins@example.com, 85007
Thomas, Perry, thomas.perry@example.com, 20004
Hazel, Powell, hazel.powell@example.com, 98105
Connor, Long, connor.long@example.com, 80205
Violet, Patterson, violet.patterson@example.com, 33131
Landon, Hughes, landon.hughes@example.com, 92105
Sophie, Flores, sophie.flores@example.com, 78704
Jonathan, Washington, jonathan.washington@example.com, 48204
Alice, Butler, alice.butler@example.com, 19107
Adrian, Simmons, adrian.simmons@example.com, 02113
Sadie, Foster, sadie.foster@example.com, 97209
Robert, Gonzales, robert.gonzales@example.com, 89104
Lucy, Bryant, lucy.bryant@example.com, 28205
Aaron, Alexander, aaron.alexander@example.com, 46208
Bella, Russell, bella.russell@example.com, 95120
Austin, Griffin, austin.griffin@example.com, 60204
Clara, Diaz, clara.diaz@example.com, 32804
Dominic, Hayes, dominic.hayes@example.com, 75205
Ruby, Myers, ruby.myers@example.com, 84104
Cameron, Ford, cameron.ford@example.com, 90015
Eva, Hamilton, eva.hamilton@example.com, 10021
Brandon, Graham, brandon.graham@example.com, 60609
Josephine, Sullivan, josephine.sullivan@example.com, 77005
Nicholas, Wallace, nicholas.wallace@example.com, 30312
Maya, Woods, maya.woods@example.com, 94110
Connor, Cole, connor.cole@example.com, 85008
Julia, West, julia.west@example.com, 20005
Jason, Jordan, jason.jordan@example.com, 98107
Ellie, Webster, ellie.webster@example.com, 80206
Gavin, Fisher, gavin.fisher@example.com, 33132
Aurora, Owens, aurora.owens@example.com, 92106
Max, Harrison, max.harrison@example.com, 78705
Willow, Gibson, willow.gibson@example.com, 48205
Leo, Mcdonald, leo.mcdonald@example.com, 19108
Piper, Cruz, piper.cruz@example.com, 02114
Nathaniel, Marshall, nathaniel.marshall@example.com, 97210
Eliza, Ortiz, eliza.ortiz@example.com, 89106
Asher, Gomez, asher.gomez@example.com, 28206
Alice, Murray, alice.murray@example.com, 46209
Felix, Freeman, felix.freeman@example.com, 95123
Stella, Webb, stella.webb@example.com, 60208
Miles, Fisher, miles.fisher@example.com, 32805
Bella, Sims, bella.sims@example.com, 75206
Jasper, Alvarez, jasper.alvarez@example.com, 84105
Chloe, Spencer, chloe.spencer@example.com, 90017
Silas, Peters, silas.peters@example.com, 10022
Eleanor, Cole, eleanor.cole@example.com, 60610
Finn, Ramirez, finn.ramirez@example.com, 77006
Penelope, Gonzales, penelope.gonzales@example.com, 30313
Leo, Long, leo.long@example.com, 94111
Aurora, Stewart, aurora.stewart@example.com, 85009
Ezra, Washington, ezra.washington@example.com, 20006
Violet, Butler, violet.butler@example.com, 98109
Julian, Simmons, julian.simmons@example.com, 80207
Nora, Foster, nora.foster@example.com, 33133
Gabriel, Gonzales, gabriel.gonzales@example.com, 92107
Layla, Bryant, layla.bryant@example.com, 78708
Anthony, Alexander, anthony.alexander@example.com, 48206
Hannah, Russell, hannah.russell@example.com, 19109
David, Griffin, david.griffin@example.com, 02115
Lily, Diaz, lily.diaz@example.com, 97212
Mateo, Hayes, mateo.hayes@example.com, 89107
Victoria, Myers, victoria.myers@example.com, 28207
Joseph, Ford, joseph.ford@example.com, 46214
Chloe, Hamilton, chloe.hamilton@example.com, 95125
Samuel, Graham, samuel.graham@example.com, 60209
Grace, Sullivan, grace.sullivan@example.com, 32806
Owen, Wallace, owen.wallace@example.com, 75207
Scarlett, Woods, scarlett.woods@example.com, 84106
Aiden, Jenkins, aiden.jenkins@example.com, 90018
Aria, Perry, aria.perry@example.com, 10023
Jack, Powell, jack.powell@example.com, 60611
Camila, Long, camila.long@example.com, 77007
Sebastian, Patterson, sebastian.patterson@example.com, 30314
Sofia, Hughes, sofia.hughes@example.com, 94112
Jackson, Flores, jackson.flores@example.com, 85012
Avery, Washington, avery.washington@example.com, 20007
Logan, Butler, logan.butler@example.com, 98112
Ella, Simmons, ella.simmons@example.com, 80208
Jacob, Foster, jacob.foster@example.com, 33134
Emily, Gonzales, emily.gonzales@example.com, 92108
Daniel, Bryant, daniel.bryant@example.com, 78709
Abigail, Alexander, abigail.alexander@example.com, 48207
Michael, Russell, michael.russell@example.com, 19110
Harper, Griffin, harper.griffin@example.com, 02116
Alexander, Diaz, alexander.diaz@example.com, 97213
Evelyn, Hayes, evelyn.hayes@example.com, 89108
Henry, Myers, henry.myers@example.com, 28208
Mia, Ford, mia.ford@example.com, 46217
Lucas, Hamilton, lucas.hamilton@example.com, 95126
Isabella, Graham, isabella.graham@example.com, 60210
Benjamin, Sullivan, benjamin.sullivan@example.com, 32807
Sophia, Wallace, sophia.wallace@example.com, 75208
William, Woods, william.woods@example.com, 84107
Ava, Jenkins, ava.jenkins@example.com, 90019
James, Perry, james.perry@example.com, 10024
Amelia, Powell, amelia.powell@example.com, 60612
Elijah, Long, elijah.long@example.com, 77008
Charlotte, Patterson, charlotte.patterson@example.com, 30315
Oliver, Hughes, oliver.hughes@example.com, 94114
Emma, Flores, emma.flores@example.com, 85013
Noah, Washington, noah.washington@example.com, 20008
Olivia, Butler, olivia.butler@example.com, 98115
Liam, Simmons, liam.simmons@example.com, 80209
Evelyn, Foster, evelyn.foster@example.com, 33135
Alexander, Gonzales, alexander.gonzales@example.com, 92109
Harper, Bryant, harper.bryant@example.com, 78710
Michael, Alexander, michael.alexander@example.com, 48208
Abigail, Russell, abigail.russell@example.com, 19111
Daniel, Griffin, daniel.griffin@example.com, 02118
Emily, Diaz, emily.diaz@example.com, 97214
Jacob, Hayes, jacob.hayes@example.com, 89109
Ella, Myers, ella.myers@example.com, 28209
Logan, Ford, logan.ford@example.com, 46218
Avery, Hamilton, avery.hamilton@example.com, 95127
Jackson, Graham, jackson.graham@example.com, 60211
Sofia, Sullivan, sofia.sullivan@example.com, 32808
Sebastian, Wallace, sebastian.wallace@example.com, 75209
Camila, Woods, camila.woods@example.com, 84108
Jack, Jenkins, jack.jenkins@example.com, 90020
Aria, Perry, aria.perry@example.com, 10025
Aiden, Powell, aiden.powell@example.com, 60613
Scarlett, Long, scarlett.long@example.com, 77009
Owen, Patterson, owen.patterson@example.com, 30316
Grace, Hughes, grace.hughes@example.com, 94115
Samuel, Flores, samuel.flores@example.com, 85014
Chloe, Washington, chloe.washington@example.com, 20009
Joseph, Butler, joseph.butler@example.com, 98116
Victoria, Simmons, victoria.simmons@example.com, 80210
Mateo, Foster, mateo.foster@example.com, 33136
Lily, Gonzales, lily.gonzales@example.com, 92110
Henry, Bryant, henry.bryant@example.com, 78712
Mia, Alexander, mia.alexander@example.com, 48209
Lucas, Russell, lucas.russell@example.com, 19112
Isabella, Griffin, isabella.griffin@example.com, 02120
Benjamin, Diaz, benjamin.diaz@example.com, 97215
Sophia, Hayes, sophia.hayes@example.com, 89110
William, Myers, william.myers@example.com, 28210
Ava, Ford, ava.ford@example.com, 46219
James, Hamilton, james.hamilton@example.com, 95130
Amelia, Graham, amelia.graham@example.com, 60212
Elijah, Sullivan, elijah.sullivan@example.com, 32809
Charlotte, Wallace, charlotte.wallace@example.com, 75210
Oliver, Woods, oliver.woods@example.com, 84109
Emma, Jenkins, emma.jenkins@example.com, 90021
Noah, Perry, noah.perry@example.com, 10026
Olivia, Powell, olivia.powell@example.com, 60614
Liam, Long, liam.long@example.com, 77010
Evelyn, Patterson, evelyn.patterson@example.com, 30318
Alexander, Hughes, alexander.hughes@example.com, 94116
Harper, Flores, harper.flores@example.com, 85015
Michael, Washington, michael.washington@example.com, 20010
Abigail, Butler, abigail.butler@example.com, 98118
Daniel, Simmons, daniel.simmons@example.com, 80211
Emily, Foster, emily.foster@example.com, 33137
Jacob, Gonzales, jacob.gonzales@example.com, 92111
Ella, Bryant, ella.bryant@example.com, 78717
Logan, Alexander, logan.alexander@example.com, 48210
Avery, Russell, avery.russell@example.com, 19113
Jackson, Griffin, jackson.griffin@example.com, 02122
Sofia, Diaz, sofia.diaz@example.com, 97217
Sebastian, Hayes, sebastian.hayes@example.com, 89111
Camila, Myers, camila.myers@example.com, 28211
Jack, Ford, jack.ford@example.com, 46220
Aria, Hamilton, aria.hamilton@example.com, 95131
Aiden, Graham, aiden.graham@example.com, 60213
Scarlett, Sullivan, scarlett.sullivan@example.com, 32810
Owen, Wallace, owen.wallace@example.com, 75211
Grace, Woods, grace.woods@example.com, 84111
Samuel, Jenkins, samuel.jenkins@example.com, 90022
Chloe, Perry, chloe.perry@example.com, 10027
Joseph, Powell, joseph.powell@example.com, 60616
Victoria, Long, victoria.long@example.com, 77011
Mateo, Patterson, mateo.patterson@example.com, 30324
Lily, Hughes, lily.hughes@example.com, 94117
Henry, Flores, henry.flores@example.com, 85016
Mia, Washington, mia.washington@example.com, 20011
Lucas, Butler, lucas.butler@example.com, 98121
Isabella, Simmons, isabella.simmons@example.com, 80212
Benjamin, Foster, benjamin.foster@example.com, 33138
Sophia, Gonzales, sophia.gonzales@example.com, 92113
William, Bryant, william.bryant@example.com, 78721
Ava, Alexander, ava.alexander@example.com, 48211
James, Russell, james.russell@example.com, 19114
Amelia, Griffin, amelia.griffin@example.com, 02124
Elijah, Diaz, elijah.diaz@example.com, 97219
Charlotte, Hayes, charlotte.hayes@example.com, 89113
Oliver, Myers, oliver.myers@example.com, 28212
Emma, Ford, emma.ford@example.com, 46222
Noah, Hamilton, noah.hamilton@example.com, 95132
Olivia, Graham, olivia.graham@example.com, 60214
Liam, Sullivan, liam.sullivan@example.com, 32811
Evelyn, Wallace, evelyn.wallace@example.com, 75212
Alexander, Woods, alexander.woods@example.com, 84115
Harper, Jenkins, harper.jenkins@example.com, 90024
Michael, Perry, michael.perry@example.com, 10028
Abigail, Powell, abigail.powell@example.com, 60618
Daniel, Long, daniel.long@example.com, 77012
Emily, Patterson, emily.patterson@example.com, 30326
Jacob, Hughes, jacob.hughes@example.com, 94121
Ella, Flores, ella.flores@example.com, 85017
Logan, Washington, logan.washington@example.com, 20015
Avery, Butler, avery.butler@example.com, 98122
Jackson, Simmons, jackson.simmons@example.com, 80214
Sofia, Foster, sofia.foster@example.com, 33139
Sebastian, Gonzales, sebastian.gonzales@example.com, 92114
Camila, Bryant, camila.bryant@example.com, 78722
Jack, Alexander, jack.alexander@example.com, 48212
Aria, Russell, aria.russell@example.com, 19115
Aiden, Griffin, aiden.griffin@example.com, 02125
Scarlett, Diaz, scarlett.diaz@example.com, 97220
Owen, Hayes, owen.hayes@example.com, 89115
Grace, Myers, grace.myers@example.com, 28214
Samuel, Ford, samuel.ford@example.com, 46224
Chloe, Hamilton, chloe.hamilton@example.com, 95133
Joseph, Graham, joseph.graham@example.com, 60215
Victoria, Sullivan, victoria.sullivan@example.com, 32814
Mateo, Wallace, mateo.wallace@example.com, 75214
Lily, Woods, lily.woods@example.com, 84116
Henry, Jenkins, henry.jenkins@example.com, 90025
Mia, Perry, mia.perry@example.com, 10029
Lucas, Powell, lucas.powell@example.com, 60622
Isabella, Long, isabella.long@example.com, 77013
Benjamin, Patterson, benjamin.patterson@example.com, 30327
Sophia, Hughes, sophia.hughes@example.com, 94122
William, Flores, william.flores@example.com, 85018
Ava, Washington, ava.washington@example.com, 20016
James, Butler, james.butler@example.com, 98125
Amelia, Simmons, amelia.simmons@example.com, 80216
Elijah, Foster, elijah.foster@example.com, 33140
Charlotte, Gonzales, charlotte.gonzales@example.com, 92115
Oliver, Bryant, oliver.bryant@example.com, 78723
Emma, Alexander, emma.alexander@example.com, 48213
Noah, Russell, noah.russell@example.com, 19116
Olivia, Griffin, olivia.griffin@example.com, 02126
Liam, Diaz, liam.diaz@example.com, 97222
Evelyn, Hayes, evelyn.hayes@example.com, 89118
Alexander, Myers, alexander.myers@example.com, 28216
Harper, Ford, harper.ford@example.com, 46225
Michael, Hamilton, michael.hamilton@example.com, 95134
Abigail, Graham, abigail.graham@example.com, 60216
Daniel, Sullivan, daniel.sullivan@example.com, 32816
Emily, Wallace, emily.wallace@example.com, 75215
Jacob, Woods, jacob.woods@example.com, 84117
Ella, Jenkins, ella.jenkins@example.com, 90026
Logan, Perry, logan.perry@example.com, 10030
Avery, Powell, avery.powell@example.com, 60623
Jackson, Long, jackson.long@example.com, 77014
Sofia, Patterson, sofia.patterson@example.com, 30328
Sebastian, Hughes, sebastian.hughes@example.com, 94123
Camila, Flores, camila.flores@example.com, 85019
Jack, Washington, jack.washington@example.com, 20017
Aria, Butler, aria.butler@example.com, 98126
Aiden, Simmons, aiden.simmons@example.com, 80218
Scarlett, Foster, scarlett.foster@example.com, 33141
Owen, Gonzales, owen.gonzales@example.com, 92116
Grace, Bryant, grace.bryant@example.com, 78724
Samuel, Alexander, samuel.alexander@example.com, 48214
Chloe, Russell, chloe.russell@example.com, 19118
Joseph, Griffin, joseph.griffin@example.com, 02127
Victoria, Diaz, victoria.diaz@example.com, 97223
Mateo, Hayes, mateo.hayes@example.com, 89120
Lily, Myers, lily.myers@example.com, 28217
Henry, Ford, henry.ford@example.com, 46226
Mia, Hamilton, mia.hamilton@example.com, 95135
Lucas, Graham, lucas.graham@example.com, 60217
Isabella, Sullivan, isabella.sullivan@example.com, 32817
Benjamin, Wallace, benjamin.wallace@example.com, 75216
Sophia, Woods, sophia.woods@example.com, 84118
William, Jenkins, william.jenkins@example.com, 90027
Ava, Perry, ava.perry@example.com, 10031
James, Powell, james.powell@example.com, 60625
Amelia, Long, amelia.long@example.com, 77015
Elijah, Patterson, elijah.patterson@example.com, 30329
Charlotte, Hughes, charlotte.hughes@example.com, 94124
Oliver, Flores, oliver.flores@example.com, 85020
Emma, Washington, emma.washington@example.com, 20018
Noah, Butler, noah.butler@example.com, 98129
Olivia, Simmons, olivia.simmons@example.com, 80219
Liam, Foster, liam.foster@example.com, 33142
Evelyn, Gonzales, evelyn.gonzales@example.com, 92117
Alexander, Bryant, alexander.bryant@example.com, 78726
Harper, Alexander, harper.alexander@example.com, 48215
Michael, Russell, michael.russell@example.com, 19119
Abigail, Griffin, abigail.griffin@example.com, 02128
Daniel, Diaz, daniel.diaz@example.com, 97225
Emily, Hayes, emily.hayes@example.com, 89121
Jacob, Myers, jacob.myers@example.com, 28220
Ella, Ford, ella.ford@example.com, 46227
Logan, Hamilton, logan.hamilton@example.com, 95136
Avery, Graham, avery.graham@example.com, 60218
Jackson, Sullivan, jackson.sullivan@example.com, 32819
Sofia, Wallace, sofia.wallace@example.com, 75217
Sebastian, Woods, sebastian.woods@example.com, 84119
Camila, Jenkins, camila.jenkins@example.com, 90028
Jack, Perry, jack.perry@example.com, 10032
Aria, Powell, aria.powell@example.com, 60629
Aiden, Long, aiden.long@example.com, 77016
Scarlett, Patterson, scarlett.patterson@example.com, 30331
Owen, Hughes, owen.hughes@example.com, 94127
Grace, Flores, grace.flores@example.com, 85021
Samuel, Washington, samuel.washington@example.com, 20020
Chloe, Butler, chloe.butler@example.com, 98133
Joseph, Simmons, joseph.simmons@example.com, 80220
Victoria, Foster, victoria.foster@example.com, 33143
Mateo, Gonzales, mateo.gonzales@example.com, 92119
Lily, Bryant, lily.bryant@example.com, 78727
Henry, Alexander, henry.alexander@example.com, 48216
Mia, Russell, mia.russell@example.com, 19120
Lucas, Griffin, lucas.griffin@example.com, 02129
Isabella, Diaz, isabella.diaz@example.com, 97229
Benjamin, Hayes, benjamin.hayes@example.com, 89122
Sophia, Myers, sophia.myers@example.com, 28224
William, Ford, william.ford@example.com, 46229
Ava, Hamilton, ava.hamilton@example.com, 95138
James, Graham, james.graham@example.com, 60220
Amelia, Sullivan, amelia.sullivan@example.com, 32820
Elijah, Wallace, elijah.wallace@example.com, 75220
Charlotte, Woods, charlotte.woods@example.com, 84120
Oliver, Jenkins, oliver.jenkins@example.com, 90029
Emma, Perry, emma.perry@example.com, 10033
Noah, Powell, noah.powell@example.com, 60632
Olivia, Long, olivia.long@example.com, 77020
Liam, Patterson, liam.patterson@example.com, 30332
Evelyn, Hughes, evelyn.hughes@example.com, 94129
Alexander, Flores, alexander.flores@example.com, 85022
Harper, Washington, harper.washington@example.com, 20032
Michael, Butler, michael.butler@example.com, 98134
Abigail, Simmons, abigail.simmons@example.com, 80221
Daniel, Foster, daniel.foster@example.com, 33144
Emily, Gonzales, emily.gonzales@example.com, 92120
Jacob, Bryant, jacob.bryant@example.com, 78729
Ella, Alexander, ella.alexander@example.com, 48216
Logan, Russell, logan.russell@example.com, 19121
Avery, Griffin, avery.griffin@example.com, 02130
Jackson, Diaz, jackson.diaz@example.com, 97230
Sofia, Hayes, sofia.hayes@example.com, 89123
Sebastian, Myers, sebastian.myers@example.com, 28226
Camila, Ford, camila.ford@example.com, 46231
Jack, Hamilton, jack.hamilton@example.com, 95139
Aria, Graham, aria.graham@example.com, 60221
Aiden, Sullivan, aiden.sullivan@example.com, 32821
Scarlett, Wallace, scarlett.wallace@example.com, 75222
Owen, Woods, owen.woods@example.com, 84123
Grace, Jenkins, grace.jenkins@example.com, 90030
Samuel, Perry, samuel.perry@example.com, 10034
Chloe, Powell, chloe.powell@example.com, 60634
Joseph, Long, joseph.long@example.com, 77021
Victoria, Patterson, victoria.patterson@example.com, 30334
Mateo, Hughes, mateo.hughes@example.com, 94131
Lily, Flores, lily.flores@example.com, 85023
Henry, Washington, henry.washington@example.com, 20033
Mia, Butler, mia.butler@example.com, 98144
Lucas, Simmons, lucas.simmons@example.com, 80222
Isabella, Foster, isabella.foster@example.com, 33145
Benjamin, Gonzales, benjamin.gonzales@example.com, 92123
Sophia, Bryant, sophia.bryant@example.com, 78730
William, Alexander, william.alexander@example.com, 48217
Ava, Russell, ava.russell@example.com, 19122
James, Griffin, james.griffin@example.com, 02131
Amelia, Diaz, amelia.diaz@example.com, 97232
Elijah, Hayes, elijah.hayes@example.com, 89124
Charlotte, Myers, charlotte.myers@example.com, 28227
Oliver, Ford, oliver.ford@example.com, 46234
Emma, Hamilton, emma.hamilton@example.com, 95139
Noah, Graham, noah.graham@example.com, 60222
Olivia, Sullivan, olivia.sullivan@example.com, 32822
Liam, Wallace, liam.wallace@example.com, 75223
Evelyn, Woods, evelyn.woods@example.com, 84124
Alexander, Jenkins, alexander.jenkins@example.com, 90034
Harper, Perry, harper.perry@example.com, 10035
Michael, Powell, michael.powell@example.com, 60637
Abigail, Long, abigail.long@example.com, 77022
Daniel, Patterson, daniel.patterson@example.com, 30336
Emily, Hughes, emily.hughes@example.com, 94132
Jacob, Flores, jacob.flores@example.com, 85024
Ella, Washington, ella.washington@example.com, 20036
Logan, Butler, logan.butler@example.com, 98145
Avery, Simmons, avery.simmons@example.com, 80223
Jackson, Foster, jackson.foster@example.com, 33146
Sofia, Gonzales, sofia.gonzales@example.com, 92126
Sebastian, Bryant, sebastian.bryant@example.com, 78731
Camila, Alexander, camila.alexander@example.com, 48218
Jack, Russell, jack.russell@example.com, 19123
Aria, Griffin, aria.griffin@example.com, 02132
Aiden, Diaz, aiden.diaz@example.com, 97233
Scarlett, Hayes, scarlett.hayes@example.com, 89128
Owen, Myers, owen.myers@example.com, 28262
Grace, Ford, grace.ford@example.com, 46235
Samuel, Hamilton, samuel.hamilton@example.com, 95150
Chloe, Graham, chloe.graham@example.com, 60223
Joseph, Sullivan, joseph.sullivan@example.com, 32824
Victoria, Wallace, victoria.wallace@example.com, 75224
Mateo, Woods, mateo.woods@example.com, 84125
Lily, Jenkins, lily.jenkins@example.com, 90035
Henry, Perry, henry.perry@example.com, 10036
Mia, Powell, mia.powell@example.com, 60639
Lucas, Long, lucas.long@example.com, 77023
Isabella, Patterson, isabella.patterson@example.com, 30340
Benjamin, Hughes, benjamin.hughes@example.com, 94133
Sophia, Flores, sophia.flores@example.com, 85026
William, Washington, william.washington@example.com, 20037
Ava, Butler, ava.butler@example.com, 98146
James, Simmons, james.simmons@example.com, 80224
Amelia, Foster, amelia.foster@example.com, 33147
Elijah, Gonzales, elijah.gonzales@example.com, 92128
Charlotte, Bryant, charlotte.bryant@example.com, 78735
Oliver, Alexander, oliver.alexander@example.com, 48219
Emma, Russell, emma.russell@example.com, 19124
Noah, Griffin, noah.griffin@example.com, 02134
Olivia, Diaz, olivia.diaz@example.com, 97236
Liam, Hayes, liam.hayes@example.com, 89130
Evelyn, Myers, evelyn.myers@example.com, 28269
Alexander, Ford, alexander.ford@example.com, 46236
Harper, Hamilton, harper.hamilton@example.com, 95160
Michael, Graham, michael.graham@example.com, 60640
Abigail, Sullivan, abigail.sullivan@example.com, 32825
Daniel, Wallace, daniel.wallace@example.com, 75225
Emily, Woods, emily.woods@example.com, 84128
Jacob, Jenkins, jacob.jenkins@example.com, 90036
Ella, Perry, ella.perry@example.com, 10037
Logan, Powell, logan.powell@example.com, 60641
Avery, Long, avery.long@example.com, 77024
Jackson, Patterson, jackson.patterson@example.com, 30341
Sofia, Hughes, sofia.hughes@example.com, 94134
Sebastian, Flores, sebastian.flores@example.com, 85027
Camila, Washington, camila.washington@example.com, 20038
Jack, Butler, jack.butler@example.com, 98148
Aria, Simmons, aria.simmons@example.com, 80225
Aiden, Foster, aiden.foster@example.com, 33149
Scarlett, Gonzales, scarlett.gonzales@example.com, 92129
Owen, Bryant, owen.bryant@example.com, 78741
Grace, Alexander, grace.alexander@example.com, 48220
Samuel, Russell, samuel.russell@example.com, 19125
Chloe, Griffin, chloe.griffin@example.com, 02135
Joseph, Diaz, joseph.diaz@example.com, 97239
Victoria, Hayes, victoria.hayes@example.com, 89141
Mateo, Myers, mateo.myers@example.com, 28270
Lily, Ford, lily.ford@example.com, 46237
Henry, Hamilton, henry.hamilton@example.com, 95192
Mia, Graham, mia.graham@example.com, 60642
Lucas, Sullivan, lucas.sullivan@example.com, 32826
Isabella, Wallace, isabella.wallace@example.com, 75226
Benjamin, Woods, benjamin.woods@example.com, 84129
Sophia, Jenkins, sophia.jenkins@example.com, 90039
William, Perry, william.perry@example.com, 10038
Ava, Powell, ava.powell@example.com, 60643
James, Long, james.long@example.com, 77025
Amelia, Patterson, amelia.patterson@example.com, 30342
Elijah, Hughes, elijah.hughes@example.com, 94137
Charlotte, Flores, charlotte.flores@example.com, 85028
Oliver, Washington, oliver.washington@example.com, 20040
Emma, Butler, emma.butler@example.com, 98154
Noah, Simmons, noah.simmons@example.com, 80226
Olivia, Foster, olivia.foster@example.com, 33150
Liam, Gonzales, liam.gonzales@example.com, 92130
Evelyn, Bryant, evelyn.bryant@example.com, 78744
Alexander, Alexander, alexander.alexander@example.com, 48221
Harper, Russell, harper.russell@example.com, 19126
Michael, Griffin, michael.griffin@example.com, 02136
Abigail, Diaz, abigail.diaz@example.com, 97266
Daniel, Hayes, daniel.hayes@example.com, 89142
Emily, Myers, emily.myers@example.com, 28273
Jacob, Ford, jacob.ford@example.com, 46239
Ella, Hamilton, ella.hamilton@example.com, 95193
Logan, Graham, logan.graham@example.com, 60644
Avery, Sullivan, avery.sullivan@example.com, 32827
Jackson, Wallace, jackson.wallace@example.com, 75227
Sofia, Woods, sofia.woods@example.com, 84130
Sebastian, Jenkins, sebastian.jenkins@example.com, 90041
Camila, Perry, camila.perry@example.com, 10039
Jack, Powell, jack.powell@example.com, 60647
Aria, Long, aria.long@example.com, 77026
Aiden, Patterson, aiden.patterson@example.com, 30344
Scarlett, Hughes, scarlett.hughes@example.com, 94158
Owen, Flores, owen.flores@example.com, 85029
Grace, Washington, grace.washington@example.com, 20057
Samuel, Butler, samuel.butler@example.com, 98164
Chloe, Simmons, chloe.simmons@example.com, 80227
Joseph, Foster, joseph.foster@example.com, 33155
Victoria, Gonzales, victoria.gonzales@example.com, 92134
Mateo, Bryant, mateo.bryant@example.com, 78745
Lily, Alexander, lily.alexander@example.com, 48222
Henry, Russell, henry.russell@example.com, 19127
Mia, Griffin, mia.griffin@example.com, 02138
Lucas, Diaz, lucas.diaz@example.com, 97267
Isabella, Hayes, isabella.hayes@example.com, 89144
Benjamin, Myers, benjamin.myers@example.com, 28277
Sophia, Ford, sophia.ford@example.com, 46240
William, Hamilton, william.hamilton@example.com, 95196
Ava, Graham, ava.graham@example.com, 60645
James, Sullivan, james.sullivan@example.com, 32828
Amelia, Wallace, amelia.wallace@example.com, 75228
Elijah, Woods, elijah.woods@example.com, 84131
Charlotte, Jenkins, charlotte.jenkins@example.com, 90042
Oliver, Perry, oliver.perry@example.com, 10040
Emma, Powell, emma.powell@example.com, 60646
Noah, Long, noah.long@example.com, 77027
Olivia, Patterson, olivia.patterson@example.com, 30345
Liam, Hughes, liam.hughes@example.com, 94188
Evelyn, Flores, evelyn.flores@example.com, 85029
Alexander, Washington, alexander.washington@example.com, 20052
Harper, Butler, harper.butler@example.com, 98168
Michael, Simmons, michael.simmons@example.com, 80228
Abigail, Foster, abigail.foster@example.com, 33156
Daniel, Gonzales, daniel.gonzales@example.com, 92136
Emily, Bryant, emily.bryant@example.com, 78746
Jacob, Alexander, jacob.alexander@example.com, 48223
Ella, Russell, ella.russell@example.com, 19128
Logan, Griffin, logan.griffin@example.com, 02139
Avery, Diaz, avery.diaz@example.com, 97268
Jackson, Hayes, jackson.hayes@example.com, 89145
Sofia, Myers, sofia.myers@example.com, 28278
Sebastian, Ford, sebastian.ford@example.com, 46250
Camila, Hamilton, camila.hamilton@example.com, 95194
Jack, Graham, jack.graham@example.com, 60649
Aria, Sullivan, aria.sullivan@example.com, 32829
Aiden, Wallace, aiden.wallace@example.com, 75229
Scarlett, Woods, scarlett.woods@example.com, 84132
Owen, Jenkins, owen.jenkins@example.com, 90043
Grace, Perry, grace.perry@example.com, 10041
Samuel, Powell, samuel.powell@example.com, 60651
Chloe, Long, chloe.long@example.com, 77028
Joseph, Patterson, joseph.patterson@example.com, 30346
Victoria, Hughes, victoria.hughes@example.com, 94160
Mateo, Flores, mateo.flores@example.com, 85030
Lily, Washington, lily.washington@example.com, 20064
Henry, Butler, henry.butler@example.com, 98174
Mia, Simmons, mia.simmons@example.com, 80229
Lucas, Foster, lucas.foster@example.com, 33157
Isabella, Gonzales, isabella.gonzales@example.com, 92139
Benjamin, Bryant, benjamin.bryant@example.com, 78748
Sophia, Alexander, sophia.alexander@example.com, 48224
William, Russell, william.russell@example.com, 19129
Ava, Griffin, ava.griffin@example.com, 02140
James, Diaz, james.diaz@example.com, 97292
Amelia, Hayes, amelia.hayes@example.com, 89150
Elijah, Myers, elijah.myers@example.com, 28280
Charlotte, Ford, charlotte.ford@example.com, 46254
Oliver, Hamilton, oliver.hamilton@example.com, 95195
Emma, Graham, emma.graham@example.com, 60652
Noah, Sullivan, noah.sullivan@example.com, 32830
Olivia, Wallace, olivia.wallace@example.com, 75230
Liam, Woods, liam.woods@example.com, 84133
Evelyn, Jenkins, evelyn.jenkins@example.com, 90044
Alexander, Perry, alexander.perry@example.com, 10044
Harper, Powell, harper.powell@example.com, 60653
Michael, Long, michael.long@example.com, 77029
Abigail, Patterson, abigail.patterson@example.com, 30349
Daniel, Hughes, daniel.hughes@example.com, 94163
Emily, Flores, emily.flores@example.com, 85031
Jacob, Washington, jacob.washington@example.com, 20090
Ella, Butler, ella.butler@example.com, 98177
Logan, Simmons, logan.simmons@example.com, 80230
Avery, Foster, avery.foster@example.com, 33158
Jackson, Gonzales, jackson.gonzales@example.com, 92140
Sofia, Bryant, sofia.bryant@example.com, 78750
Sebastian, Alexander, sebastian.alexander@example.com, 48226
Camila, Russell, camila.russell@example.com, 19130
Jack, Griffin, jack.griffin@example.com, 02141
Aria, Diaz, aria.diaz@example.com, 97301
Aiden, Hayes, aiden.hayes@example.com, 89154
Scarlett, Myers, scarlett.myers@example.com, 28282
Owen, Ford, owen.ford@example.com, 46256
Grace, Hamilton, grace.hamilton@example.com, 95196
Samuel, Graham, samuel.graham@example.com, 60654
Chloe, Sullivan, chloe.sullivan@example.com, 32832
Joseph, Wallace, joseph.wallace@example.com, 75231
Victoria, Woods, victoria.woods@example.com, 84134
Mateo, Jenkins, mateo.jenkins@example.com, 90045
Lily, Perry, lily.perry@example.com, 10065
Henry, Powell, henry.powell@example.com, 60655
Mia, Long, mia.long@example.com, 77029
Lucas, Patterson, lucas.patterson@example.com, 30354
Isabella, Hughes, isabella.hughes@example.com, 94177
Benjamin, Flores, benjamin.flores@example.com, 85032
Sophia, Washington, sophia.washington@example.com, 20202
William, Butler, william.butler@example.com, 98178
Ava, Simmons, ava.simmons@example.com, 80231
James, Foster, james.foster@example.com, 33160
Amelia, Gonzales, amelia.gonzales@example.com, 92142
Elijah, Bryant, elijah.bryant@example.com, 78751
Charlotte, Alexander, charlotte.alexander@example.com, 48227
Oliver, Russell, oliver.russell@example.com, 19131
Emma, Griffin, emma.griffin@example.com, 02142
Noah, Diaz, noah.diaz@example.com, 97302
Olivia, Hayes, olivia.hayes@example.com, 89155
Liam, Myers, liam.myers@example.com, 28284
Evelyn, Ford, evelyn.ford@example.com, 46259
Alexander, Hamilton, alexander.hamilton@example.com, 95199